{
    "accuracy": [
        0.2597443163394928,
        0.364067018032074,
        0.4194503426551819,
        0.44414642453193665,
        0.4658469557762146,
        0.4843777120113373,
        0.49294647574424744,
        0.5057995915412903,
        0.5167717337608337,
        0.5221707224845886,
        0.5319586396217346,
        0.5362778306007385,
        0.5416768193244934,
        0.5459263920783997,
        0.5536242723464966,
        0.5579086542129517,
        0.5619143843650818,
        0.5677661895751953,
        0.5711101293563843,
        0.5742101669311523,
        0.5786687135696411,
        0.5801665186882019,
        0.5898846983909607,
        0.5902330279350281,
        0.5921139717102051
    ],
    "loss": [
        1.796699047088623,
        1.6202468872070312,
        1.5129942893981934,
        1.4430400133132935,
        1.3966697454452515,
        1.3500474691390991,
        1.3297171592712402,
        1.3050692081451416,
        1.2749933004379272,
        1.2569674253463745,
        1.2361682653427124,
        1.2212142944335938,
        1.2066634893417358,
        1.1878917217254639,
        1.1769084930419922,
        1.1697666645050049,
        1.152474045753479,
        1.1402909755706787,
        1.1313122510910034,
        1.1185662746429443,
        1.110770344734192,
        1.1029884815216064,
        1.0869897603988647,
        1.0833888053894043,
        1.0758616924285889
    ],
    "val_accuracy": [
        0.34020617604255676,
        0.44190582633018494,
        0.47199776768684387,
        0.49317359924316406,
        0.507662296295166,
        0.5118417143821716,
        0.5246586799621582,
        0.5263304710388184,
        0.5352466106414795,
        0.5369183421134949,
        0.5344107151031494,
        0.5444413423538208,
        0.5472276210784912,
        0.5555865168571472,
        0.5544719696044922,
        0.5514070987701416,
        0.5569796562194824,
        0.5636667609214783,
        0.5653385519981384,
        0.5586514472961426,
        0.5658957958221436,
        0.5661744475364685,
        0.5728614926338196,
        0.5700752139091492,
        0.5709111094474792
    ],
    "val_loss": [
        1.6557101011276245,
        1.4745858907699585,
        1.3875690698623657,
        1.340277910232544,
        1.3011090755462646,
        1.2684110403060913,
        1.2425342798233032,
        1.2255239486694336,
        1.2180269956588745,
        1.2023556232452393,
        1.1955300569534302,
        1.181062936782837,
        1.170244812965393,
        1.1602612733840942,
        1.1555906534194946,
        1.1605324745178223,
        1.1440218687057495,
        1.1393356323242188,
        1.1328529119491577,
        1.141204595565796,
        1.1291252374649048,
        1.128714680671692,
        1.1176035404205322,
        1.1278504133224487,
        1.117724895477295
    ],
    "learning_rate": [
        0.0010000000474974513,
        0.0010000000474974513,
        0.0010000000474974513,
        0.0010000000474974513,
        0.0010000000474974513,
        0.0010000000474974513,
        0.0010000000474974513,
        0.0010000000474974513,
        0.0010000000474974513,
        0.0010000000474974513,
        0.0010000000474974513,
        0.0010000000474974513,
        0.0010000000474974513,
        0.0010000000474974513,
        0.0010000000474974513,
        0.0010000000474974513,
        0.0010000000474974513,
        0.0010000000474974513,
        0.0010000000474974513,
        0.0010000000474974513,
        0.0010000000474974513,
        0.0010000000474974513,
        0.0010000000474974513,
        0.0010000000474974513,
        0.0010000000474974513
    ]
}