{
    "accuracy": [
        0.2573409080505371,
        0.33790796995162964,
        0.40287017822265625,
        0.43216413259506226,
        0.45257583260536194,
        0.4667525887489319,
        0.4838552474975586,
        0.4912048578262329,
        0.5014804005622864,
        0.5078198313713074,
        0.51715487241745,
        0.5263506174087524,
        0.5314709544181824,
        0.5347800254821777,
        0.5430352687835693,
        0.546170175075531,
        0.5506287217140198,
        0.5658156275749207,
        0.5663729310035706,
        0.5696123242378235,
        0.5703437924385071,
        0.5764046311378479,
        0.5796788334846497,
        0.5790518522262573,
        0.5805844664573669
    ],
    "loss": [
        1.7919219732284546,
        1.6565190553665161,
        1.5328068733215332,
        1.472300410270691,
        1.4236661195755005,
        1.3908114433288574,
        1.3587019443511963,
        1.3314236402511597,
        1.3133635520935059,
        1.2942630052566528,
        1.2774521112442017,
        1.2605606317520142,
        1.2426713705062866,
        1.2389190196990967,
        1.2247774600982666,
        1.2121448516845703,
        1.2034845352172852,
        1.1733894348144531,
        1.1617220640182495,
        1.156755805015564,
        1.1558887958526611,
        1.1412733793258667,
        1.133344054222107,
        1.1342177391052246,
        1.1307097673416138
    ],
    "val_accuracy": [
        0.24993033707141876,
        0.35998886823654175,
        0.3702981472015381,
        0.40707719326019287,
        0.45667317509651184,
        0.46363890171051025,
        0.49400946497917175,
        0.5207578539848328,
        0.5238227844238281,
        0.4310392737388611,
        0.5218724012374878,
        0.5553078651428223,
        0.5383114814758301,
        0.5371969938278198,
        0.5603232383728027,
        0.5514070987701416,
        0.5603232383728027,
        0.5619949698448181,
        0.5672889351844788,
        0.5940373539924622,
        0.5608804821968079,
        0.5856784582138062,
        0.5778768658638,
        0.5689607262611389,
        0.584006667137146
    ],
    "val_loss": [
        2.451169490814209,
        1.828791618347168,
        1.616668462753296,
        1.4889979362487793,
        1.3935112953186035,
        1.4089690446853638,
        1.3011019229888916,
        1.2505531311035156,
        1.226467490196228,
        1.4593991041183472,
        1.2609045505523682,
        1.154205322265625,
        1.1999436616897583,
        1.180031657218933,
        1.1669453382492065,
        1.1675301790237427,
        1.1633203029632568,
        1.1454824209213257,
        1.1609588861465454,
        1.0997357368469238,
        1.171383261680603,
        1.1111679077148438,
        1.1203840970993042,
        1.1505920886993408,
        1.0995285511016846
    ],
    "learning_rate": [
        0.0010000000474974513,
        0.0010000000474974513,
        0.0010000000474974513,
        0.0010000000474974513,
        0.0010000000474974513,
        0.0010000000474974513,
        0.0010000000474974513,
        0.0010000000474974513,
        0.0010000000474974513,
        0.0010000000474974513,
        0.0010000000474974513,
        0.0010000000474974513,
        0.0010000000474974513,
        0.0010000000474974513,
        0.0010000000474974513,
        0.0010000000474974513,
        0.0010000000474974513,
        0.0005000000237487257,
        0.0005000000237487257,
        0.0005000000237487257,
        0.0005000000237487257,
        0.0005000000237487257,
        0.0005000000237487257,
        0.0005000000237487257,
        0.0005000000237487257
    ]
}