{
    "test_loss": 1.2127561569213867,
    "test_accuracy_from_keras": 0.5252159237861633,
    "test_accuracy": 0.5252159375870716,
    "macro_precision": 0.44398756552768004,
    "macro_recall": 0.48959661780768954,
    "macro_f1": 0.4439075090727836,
    "weighted_f1": 0.49477367508699766
}