{
    "test_loss": 1.0636374950408936,
    "test_accuracy_from_keras": 0.5976595282554626,
    "test_accuracy": 0.5976595151852884,
    "macro_precision": 0.4854706393759672,
    "macro_recall": 0.5027192478716777,
    "macro_f1": 0.4869591848107603,
    "weighted_f1": 0.5811348890418848
}