{
    "accuracy": [
        0.1726636290550232,
        0.19328433275222778,
        0.21254658699035645,
        0.23943710327148438,
        0.26995018124580383,
        0.3121320903301239,
        0.3295830488204956,
        0.348740816116333,
        0.36758506298065186,
        0.38388657569885254,
        0.38503605127334595,
        0.398272305727005,
        0.4010937213897705,
        0.41318053007125854,
        0.43104949593544006,
        0.42805391550064087,
        0.4411160349845886,
        0.4433104693889618,
        0.4496499300003052,
        0.45041623711586,
        0.45358598232269287,
        0.4583580195903778,
        0.4596816301345825,
        0.46027377247810364,
        0.46556827425956726
    ],
    "loss": [
        1.9381181001663208,
        1.9009287357330322,
        1.8290482759475708,
        1.7937572002410889,
        1.7647051811218262,
        1.7258756160736084,
        1.6820173263549805,
        1.6511260271072388,
        1.612436056137085,
        1.5865111351013184,
        1.5630087852478027,
        1.540055751800537,
        1.5286880731582642,
        1.5097163915634155,
        1.4705615043640137,
        1.4621648788452148,
        1.4351873397827148,
        1.4427294731140137,
        1.4180296659469604,
        1.4107942581176758,
        1.4069844484329224,
        1.3931009769439697,
        1.3884615898132324,
        1.3889684677124023,
        1.3711284399032593
    ],
    "val_accuracy": [
        0.25271663069725037,
        0.1819448322057724,
        0.1763722449541092,
        0.2658122181892395,
        0.33240458369255066,
        0.41432154178619385,
        0.438562273979187,
        0.3315686881542206,
        0.4667038023471832,
        0.44329896569252014,
        0.4315965473651886,
        0.4366118609905243,
        0.4591808319091797,
        0.4257453382015228,
        0.4895513951778412,
        0.49818891286849976,
        0.4859292209148407,
        0.4831429421901703,
        0.5062691569328308,
        0.5020897388458252,
        0.4895513951778412,
        0.49623849987983704,
        0.4993034303188324,
        0.5151852965354919,
        0.49679577350616455
    ],
    "val_loss": [
        1.950568675994873,
        1.9551647901535034,
        1.937480092048645,
        1.7805007696151733,
        1.6091651916503906,
        1.5151777267456055,
        1.4252495765686035,
        1.88863205909729,
        1.352882742881775,
        1.4148292541503906,
        1.4614976644515991,
        1.4924370050430298,
        1.443286418914795,
        1.4654974937438965,
        1.3099777698516846,
        1.308341145515442,
        1.3353633880615234,
        1.3326795101165771,
        1.268381953239441,
        1.258226752281189,
        1.276774287223816,
        1.2431827783584595,
        1.2733947038650513,
        1.246018409729004,
        1.2774499654769897
    ],
    "learning_rate": [
        0.0010000000474974513,
        0.0010000000474974513,
        0.0010000000474974513,
        0.0010000000474974513,
        0.0010000000474974513,
        0.0010000000474974513,
        0.0010000000474974513,
        0.0010000000474974513,
        0.0010000000474974513,
        0.0010000000474974513,
        0.0010000000474974513,
        0.0010000000474974513,
        0.0010000000474974513,
        0.0010000000474974513,
        0.0005000000237487257,
        0.0005000000237487257,
        0.0005000000237487257,
        0.0005000000237487257,
        0.0005000000237487257,
        0.0005000000237487257,
        0.0005000000237487257,
        0.0005000000237487257,
        0.0005000000237487257,
        0.0005000000237487257,
        0.0005000000237487257
    ]
}